{
  "cloudant_apikey": "QuUaY-LqmRgkUlIiCh95515dpJiGvGFwenuIYqB4ktMv",
  "cloudant_host": "61ed974c-f0e8-4bd8-9922-2e0a0b16644b-bluemix.cloudantnosqldb.appdomain.cloud",
  "cloudant_iam_apikey_description": "Auto-generated for key 92f484f6-5a7b-42e8-ac32-65fbbd72ce38",
  "cloudant_iam_apikey_name": "66c598e4-aa33-4da5-b286-1faf898b4679",
  "cloudant_iam_role_crn": "crn:v1:bluemix:public:iam::::serviceRole:Writer",
  "cloudant_iam_serviceid_crn": "crn:v1:bluemix:public:iam-identity::a/02855cd0aea34f0eaff0c998ac4fb48c::serviceid:ServiceId-533efdbe-7af1-4630-a21f-911b30bfc4c6",
  "cloudant_password": "177a0e2fb0d0733f10ef3bf401c234a8eae2be0476e173c41ca9dbcfc2e20ded",
  "cloudant_port": 443,
  "cloudant_url": "https://61ed974c-f0e8-4bd8-9922-2e0a0b16644b-bluemix:177a0e2fb0d0733f10ef3bf401c234a8eae2be0476e173c41ca9dbcfc2e20ded@61ed974c-f0e8-4bd8-9922-2e0a0b16644b-bluemix.cloudantnosqldb.appdomain.cloud",
  "cloudant_username": "61ed974c-f0e8-4bd8-9922-2e0a0b16644b-bluemix"
}
